{"cameraMode":{"drawMode":0,"name":"Shaded","section":"Shading Mode"},"sceneLighting":false,"audioPlay":false,"sceneViewState":{"showFog":true,"showMaterialUpdate":false,"showSkybox":true,"showFlares":true,"showImageEffects":true,"showParticleSystems":true},"in2DMode":false,"pivot":{"x":0.0,"y":0.2008371353149414,"z":0.17450255155563355},"rotation":{"x":-0.08422397077083588,"y":0.8957648873329163,"z":-0.19262365996837617,"w":-0.3916730582714081},"size":4.156289100646973,"orthographic":false}