{"cameraMode":{"drawMode":0,"name":"Shaded","section":"Shading Mode"},"sceneLighting":false,"audioPlay":false,"sceneViewState":{"showFog":true,"showMaterialUpdate":false,"showSkybox":false,"showFlares":true,"showImageEffects":true,"showParticleSystems":true},"in2DMode":false,"pivot":{"x":3.75,"y":-2.7199997901916506,"z":6.630000114440918},"rotation":{"x":-0.22980208694934846,"y":-0.23999981582164765,"z":0.05851132050156593,"w":-0.9414218664169312},"size":18.85342025756836,"orthographic":false}