{"cameraMode":{"drawMode":0,"name":"Shaded","section":"Shading Mode"},"sceneLighting":false,"audioPlay":false,"sceneViewState":{"showFog":true,"showMaterialUpdate":false,"showSkybox":true,"showFlares":true,"showImageEffects":true,"showParticleSystems":true},"in2DMode":false,"pivot":{"x":-7.423841953277588,"y":-1.9330921173095704,"z":-4.316727638244629},"rotation":{"x":0.02280549891293049,"y":0.9661874771118164,"z":-0.23983682692050935,"w":0.09186983108520508},"size":2.857893466949463,"orthographic":false}