{"cameraMode":{"drawMode":0,"name":"Shaded","section":"Shading Mode"},"sceneLighting":false,"audioPlay":false,"sceneViewState":{"showFog":true,"showMaterialUpdate":false,"showSkybox":false,"showFlares":true,"showImageEffects":true,"showParticleSystems":true},"in2DMode":false,"pivot":{"x":0.08030536025762558,"y":2.2186167240142824,"z":-0.9469876885414124},"rotation":{"x":-0.22980208694934846,"y":-0.23999981582164765,"z":0.05851132050156593,"w":-0.9414218664169312},"size":6.4918646812438969,"orthographic":false}